1012,19:01:01,1,C,S,N,0.6324,18.1466,3.2321,19:01:01,43.7588,45.0353,0,1,ASCENT_1,CX-ON
1012,19:01:02,2,SP1,2.8082,20.0425,4.5831,0,0,0,0,0,0,0,0,0,0,STANDBY_1,CX-ON
1012,19:01:03,3,C,S,N,5.5092,19.5502,3.1767,19:01:03,41.426,45.9833,0,1,ASCENT_1,CX-ON
1012,19:01:04,4,SP1,6.9291,17.1992,4.6842,0,0,0,0,0,0,0,0,0,0,STANDBY_1,CX-ON
1012,19:01:05,5,C,S,N,8.4994,18.8405,5.7074,19:01:05,42.6353,46.5754,0,1,ASCENT_1,CX-ON
1012,19:01:06,6,SP1,12.7414,18.2672,3.5307,0,0,0,0,0,0,0,0,0,0,STANDBY_1,CX-ON
1012,19:01:07,7,C,S,N,13.6351,19.8557,4.5486,19:01:07,41.5072,47.4955,0,1,ASCENT_1,CX-ON
1012,19:01:08,8,SP1,14.343,19.4072,4.028,0,0,0,0,0,0,0,0,0,0,STANDBY_1,CX-ON
1012,19:01:09,9,C,S,N,18.6077,17.0216,3.2522,19:01:09,43.2972,46.9448,0,1,ASCENT_1,CX-ON
1012,19:01:10,10,SP1,20.7461,19.5081,3.9395,0,0,0,0,0,0,0,0,0,0,STANDBY_1,CX-ON
1012,19:01:11,11,C,S,N,23.0934,17.6874,3.3835,19:01:11,42.5971,45.7236,0,1,ASCENT_1,CX-ON
1012,19:01:12,12,SP1,24.2583,17.3332,5.5761,0,0,0,0,0,0,0,0,0,0,STANDBY_1,CX-ON
1012,19:01:13,13,C,S,N,25.5754,17.3581,3.2232,19:01:13,42.9063,46.1682,0,1,ASCENT_1,CX-ON
1012,19:01:14,14,SP1,28.8701,17.2668,3.2349,0,0,0,0,0,0,0,0,0,0,STANDBY_1,CX-ON
1012,19:01:15,15,C,S,N,29.0735,19.5725,5.0492,19:01:15,42.2062,48.2219,0,1,ASCENT_1,CX-ON
1012,19:01:16,16,SP1,32.3626,17.4487,5.4307,0,0,0,0,0,0,0,0,0,0,STANDBY_1,CX-ON
1012,19:01:17,17,C,S,N,34.6742,18.5085,4.0423,19:01:17,43.5202,45.9147,0,1,ASCENT_1,CX-ON
1012,19:01:18,18,SP1,36.1033,19.6178,5.9846,0,0,0,0,0,0,0,0,0,0,STANDBY_1,CX-ON
1012,19:01:19,19,C,S,N,37.7049,19.68,4.8333,19:01:19,41.3073,47.1908,0,1,ASCENT_1,CX-ON
1012,19:01:20,20,SP1,38.8226,18.065,5.6907,0,0,0,0,0,0,0,0,0,0,STANDBY_1,CX-ON
1012,19:01:21,21,C,S,N,40.5288,20.0848,3.2901,19:01:21,42.6718,48.2698,0,1,ASCENT_1,CX-ON
1012,19:01:22,22,SP1,42.0676,20.1267,5.7771,0,0,0,0,0,0,0,0,0,0,STANDBY_1,CX-ON
1012,19:01:23,23,C,S,N,45.5664,19.8906,3.0987,19:01:23,41.4687,47.7397,0,1,ASCENT_1,CX-ON
1012,19:01:24,24,SP1,46.2685,19.5733,3.3925,0,0,0,0,0,0,0,0,0,0,STANDBY_1,CX-ON
1012,19:01:25,25,C,S,N,49.9573,19.7856,3.5391,19:01:25,43.6093,47.9522,0,1,ASCENT_1,CX-ON
1012,19:01:26,26,SP1,52.6338,17.921,4.1626,0,0,0,0,0,0,0,0,0,0,STANDBY_1,CX-ON
1012,19:01:27,27,C,S,N,52.7375,17.0998,4.0548,19:01:27,41.9863,46.997,0,1,ASCENT_1,CX-ON
1012,19:01:28,28,SP1,55.4554,18.3009,5.6655,0,0,0,0,0,0,0,0,0,0,STANDBY_1,CX-ON
1012,19:01:29,29,C,S,N,56.0755,17.0822,5.9553,19:01:29,42.5983,47.4697,0,1,ASCENT_1,CX-ON
1012,19:01:30,30,SP1,58.0748,18.099,4.2542,0,0,0,0,0,0,0,0,0,0,STANDBY_1,CX-ON
1012,19:01:31,31,C,S,N,63.2102,20.0108,4.6979,19:01:31,43.5707,45.9888,0,1,ASCENT_1,CX-ON
1012,19:01:32,32,SP1,62.7993,20.028,5.5653,0,0,0,0,0,0,0,0,0,0,STANDBY_1,CX-ON
1012,19:01:33,33,C,S,N,65.7584,20.1818,5.5162,19:01:33,42.4389,46.0596,0,1,ASCENT_1,CX-ON
1012,19:01:34,34,SP1,67.4187,19.033,5.9461,0,0,0,0,0,0,0,0,0,0,STANDBY_1,CX-ON
1012,19:01:35,35,C,S,N,70.7148,20.0533,3.4136,19:01:35,42.2028,45.1333,0,1,ASCENT_1,CX-ON
1012,19:01:36,36,SP1,72.1794,17.4595,3.7828,0,0,0,0,0,0,0,0,0,0,STANDBY_1,CX-ON
1012,19:01:37,37,C,S,N,74.4739,20.223,3.1653,19:01:37,43.0449,45.0136,0,1,ASCENT_1,CX-ON
1012,19:01:38,38,SP1,74.5831,19.3317,4.6844,0,0,0,0,0,0,0,0,0,0,STANDBY_1,CX-ON
1012,19:01:39,39,C,S,N,78.8054,18.0074,5.3005,19:01:39,42.6507,46.2885,0,1,ASCENT_1,CX-ON
1012,19:01:40,40,SP1,79.3288,20.1257,4.1386,0,0,0,0,0,0,0,0,0,0,STANDBY_1,CX-ON
1012,19:01:41,41,C,S,N,80.7522,17.8995,3.1999,19:01:41,41.8531,46.4489,0,1,ASCENT_1,CX-ON
1012,19:01:42,42,SP1,82.5519,18.2506,3.3457,0,0,0,0,0,0,0,0,0,0,STANDBY_1,CX-ON
1012,19:01:43,43,C,S,N,84.4456,17.8597,4.5584,19:01:43,42.4952,48.247,0,1,ASCENT_1,CX-ON
1012,19:01:44,44,SP1,87.0799,18.7478,5.8004,0,0,0,0,0,0,0,0,0,0,STANDBY_1,CX-ON
1012,19:01:45,45,C,S,N,90.0118,17.3162,4.9799,19:01:45,44.0636,45.5262,0,1,ASCENT_1,CX-ON
1012,19:01:46,46,SP1,90.6684,19.3776,4.4543,0,0,0,0,0,0,0,0,0,0,STANDBY_1,CX-ON
1012,19:01:47,47,C,S,N,93.6011,17.3822,3.1967,19:01:47,42.3701,45.5068,0,1,ASCENT_1,CX-ON
1012,19:01:48,48,SP1,96.6796,18.4144,5.331,0,0,0,0,0,0,0,0,0,0,STANDBY_1,CX-ON
1012,19:01:49,49,C,S,N,98.4236,19.8451,5.484,19:01:49,43.3886,45.6043,0,1,ASCENT_1,CX-ON
1012,19:01:50,50,SP1,99.2145,17.9361,5.6772,0,0,0,0,0,0,0,0,0,0,STANDBY_1,CX-ON
1012,19:01:51,51,C,S,N,101.357,18.3726,5.1446,19:01:51,43.0948,46.7036,0,1,ASCENT_1,CX-ON
1012,19:01:52,52,SP1,103.95,19.3315,5.2902,0,0,0,0,0,0,0,0,0,0,STANDBY_1,CX-ON
1012,19:01:53,53,C,S,N,104.84,17.9816,3.0193,19:01:53,42.1225,47.1812,0,1,ASCENT_1,CX-ON
1012,19:01:54,54,SP1,108.442,17.5783,5.1485,0,0,0,0,0,0,0,0,0,0,STANDBY_1,CX-ON
1012,19:01:55,55,C,S,N,108.341,17.2334,4.6835,19:01:55,42.8068,47.1676,0,1,ASCENT_1,CX-ON
1012,19:01:56,56,SP1,111.046,17.2309,3.1752,0,0,0,0,0,0,0,0,0,0,STANDBY_1,CX-ON
1012,19:01:57,57,C,S,N,115.253,18.6913,4.1612,19:01:57,41.7214,46.6655,0,1,ASCENT_1,CX-ON
1012,19:01:58,58,SP1,117.073,17.6873,3.5176,0,0,0,0,0,0,0,0,0,0,STANDBY_1,CX-ON
1012,19:01:59,59,C,S,N,119.084,18.4887,5.3873,19:01:59,43.9255,47.3552,0,1,ASCENT_1,CX-ON
1012,19:02:00,60,SP1,120.322,20.1649,3.2994,0,0,0,0,0,0,0,0,0,0,STANDBY_1,CX-ON
1012,19:02:01,61,C,S,N,122.277,17.6057,5.6329,19:02:01,43.2127,48.2546,0,1,ASCENT_1,CX-ON
1012,19:02:02,62,SP1,123.644,17.0641,5.9968,0,0,0,0,0,0,0,0,0,0,STANDBY_1,CX-ON
1012,19:02:03,63,C,S,N,125.274,18.8099,3.8943,19:02:03,43.7309,45.0669,0,1,ASCENT_1,CX-ON
1012,19:02:04,64,SP1,127.624,19.424,5.7328,0,0,0,0,0,0,0,0,0,0,STANDBY_1,CX-ON
1012,19:02:05,65,C,S,N,128.972,19.0919,3.4147,19:02:05,41.0508,46.3216,0,1,ASCENT_1,CX-ON
1012,19:02:06,66,SP1,132.447,17.6136,4.7492,0,0,0,0,0,0,0,0,0,0,STANDBY_1,CX-ON
1012,19:02:07,67,C,S,N,134.238,17.2554,4.7849,19:02:07,41.3273,47.3257,0,1,ASCENT_1,CX-ON
1012,19:02:08,68,SP1,137.21,19.4378,5.0736,0,0,0,0,0,0,0,0,0,0,STANDBY_1,CX-ON
1012,19:02:09,69,C,S,N,137.249,17.0021,3.0073,19:02:09,43.1878,47.1247,0,1,ASCENT_1,CX-ON
1012,19:02:10,70,SP1,141.217,18.2007,3.8735,0,0,0,0,0,0,0,0,0,0,STANDBY_1,CX-ON
1012,19:02:11,71,C,S,N,140.741,18.9573,3.2461,19:02:11,41.329,46.2105,0,1,ASCENT_1,CX-ON
1012,19:02:12,72,SP1,143.529,18.524,5.603,0,0,0,0,0,0,0,0,0,0,STANDBY_1,CX-ON
1012,19:02:13,73,C,S,N,147.231,18.0203,3.4342,19:02:13,41.9919,47.9172,0,1,ASCENT_1,CX-ON
1012,19:02:14,74,SP1,148.361,18.3367,5.0687,0,0,0,0,0,0,0,0,0,0,STANDBY_1,CX-ON
1012,19:02:15,75,C,S,N,148.308,19.1469,5.3958,19:02:15,41.1634,47.1184,0,1,ASCENT_1,CX-ON
1012,19:02:16,76,SP1,151.234,19.1284,3.6728,0,0,0,0,0,0,0,0,0,0,STANDBY_1,CX-ON
1012,19:02:17,77,C,S,N,153.35,19.1347,5.3351,19:02:17,44.1479,45.5491,0,1,ASCENT_1,CX-ON
1012,19:02:18,78,SP1,156.893,18.5889,3.1282,0,0,0,0,0,0,0,0,0,0,STANDBY_1,CX-ON
1012,19:02:19,79,C,S,N,157.836,19.9483,3.6083,19:02:19,41.3106,47.8757,0,1,ASCENT_1,CX-ON
1012,19:02:20,80,SP1,158.963,18.4038,3.137,0,0,0,0,0,0,0,0,0,0,STANDBY_1,CX-ON
1012,19:02:21,81,C,S,N,160.625,17.8774,3.6923,19:02:21,41.5759,45.0691,0,1,ASCENT_1,CX-ON
1012,19:02:22,82,SP1,163.701,17.7134,4.3715,0,0,0,0,0,0,0,0,0,0,STANDBY_1,CX-ON
1012,19:02:23,83,C,S,N,164.141,17.6809,5.2849,19:02:23,42.4363,47.3389,0,1,ASCENT_1,CX-ON
1012,19:02:24,84,SP1,168.461,18.4504,3.1858,0,0,0,0,0,0,0,0,0,0,STANDBY_1,CX-ON
1012,19:02:25,85,C,S,N,170.827,19.2877,4.3693,19:02:25,41.332,45.388,0,1,ASCENT_1,CX-ON
1012,19:02:26,86,SP1,170.307,19.6183,5.7553,0,0,0,0,0,0,0,0,0,0,STANDBY_1,CX-ON
1012,19:02:27,87,C,S,N,173.259,19.6527,3.5179,19:02:27,42.5246,47.4428,0,1,ASCENT_1,CX-ON
1012,19:02:28,88,SP1,174.059,20.1714,5.054,0,0,0,0,0,0,0,0,0,0,STANDBY_1,CX-ON
1012,19:02:29,89,C,S,N,178.398,19.9376,3.2219,19:02:29,43.0804,47.8806,0,1,ASCENT_1,CX-ON
1012,19:02:30,90,SP1,180.802,17.3893,3.4743,0,0,0,0,0,0,0,0,0,0,STANDBY_1,CX-ON
1012,19:02:31,91,C,S,N,182.829,18.3558,5.0768,19:02:31,43.8411,45.4183,0,1,ASCENT_1,CX-ON
1012,19:02:32,92,SP1,184.244,17.1294,4.239,0,0,0,0,0,0,0,0,0,0,STANDBY_1,CX-ON
1012,19:02:33,93,C,S,N,184.794,18.1721,3.1458,19:02:33,42.7796,45.3267,0,1,ASCENT_1,CX-ON
1012,19:02:34,94,SP1,187.063,19.9137,4.8404,0,0,0,0,0,0,0,0,0,0,STANDBY_1,CX-ON
1012,19:02:35,95,C,S,N,190.797,18.0903,3.2412,19:02:35,43.5124,45.6708,0,1,ASCENT_1,CX-ON
1012,19:02:36,96,SP1,191.038,18.8932,4.2717,0,0,0,0,0,0,0,0,0,0,STANDBY_1,CX-ON
1012,19:02:37,97,C,S,N,192.46,17.7953,5.7854,19:02:37,42.9223,46.8965,0,1,ASCENT_1,CX-ON
1012,19:02:38,98,SP1,195.43,19.522,4.1155,0,0,0,0,0,0,0,0,0,0,STANDBY_1,CX-ON
1012,19:02:39,99,C,S,N,197.734,18.9899,4.6796,19:02:39,43.7658,45.4439,0,1,ASCENT_1,CX-ON
1012,19:02:40,100,SP1,201.151,18.6798,3.4877,0,0,0,0,0,0,0,0,0,0,STANDBY_1,CX-ON
1012,19:02:41,101,C,S,N,200.252,18.6496,4.2605,19:02:41,43.1152,47.4303,0,1,ASCENT_1,CX-ON
1012,19:02:42,102,SP1,203.179,18.6118,4.2211,0,0,0,0,0,0,0,0,0,0,STANDBY_1,CX-ON
1012,19:02:43,103,C,S,N,205.718,17.4316,4.7742,19:02:43,42.5086,46.6981,0,1,ASCENT_1,CX-ON
1012,19:02:44,104,SP1,208.596,19.978,3.3523,0,0,0,0,0,0,0,0,0,0,STANDBY_1,CX-ON
1012,19:02:45,105,C,S,N,210.629,17.0256,3.2589,19:02:45,43.7647,45.8711,0,1,ASCENT_1,CX-ON
1012,19:02:46,106,SP1,211.743,20.2274,5.6783,0,0,0,0,0,0,0,0,0,0,STANDBY_1,CX-ON
1012,19:02:47,107,C,S,N,215.134,19.5522,3.2846,19:02:47,43.5681,45.0516,0,1,ASCENT_1,CX-ON
1012,19:02:48,108,SP1,216.183,17.2976,3.9549,0,0,0,0,0,0,0,0,0,0,STANDBY_1,CX-ON
1012,19:02:49,109,C,S,N,218.021,19.1786,3.0392,19:02:49,43.2102,47.3122,0,1,ASCENT_1,CX-ON
1012,19:02:50,110,SP1,221.074,18.6384,5.3798,0,0,0,0,0,0,0,0,0,0,STANDBY_1,CX-ON
1012,19:02:51,111,C,S,N,222.345,18.7206,4.5033,19:02:51,43.994,48.212,0,1,ASCENT_1,CX-ON
1012,19:02:52,112,SP1,224.885,19.5162,3.0567,0,0,0,0,0,0,0,0,0,0,STANDBY_1,CX-ON
1012,19:02:53,113,C,S,N,224.743,18.8006,4.2478,19:02:53,41.4101,45.3844,0,1,ASCENT_1,CX-ON
1012,19:02:54,114,SP1,226.536,19.4104,5.1907,0,0,0,0,0,0,0,0,0,0,STANDBY_1,CX-ON
1012,19:02:55,115,C,S,N,229.402,18.8849,5.9196,19:02:55,41.0215,45.2567,0,1,ASCENT_1,CX-ON
1012,19:02:56,116,SP1,232.971,17.5211,3.3087,0,0,0,0,0,0,0,0,0,0,STANDBY_1,CX-ON
1012,19:02:57,117,C,S,N,234.187,17.091,3.921,19:02:57,43.6285,47.242,0,1,ASCENT_1,CX-ON
1012,19:02:58,118,SP1,234.838,20.1541,4.1669,0,0,0,0,0,0,0,0,0,0,STANDBY_1,CX-ON
1012,19:02:59,119,C,S,N,239.275,18.598,3.5445,19:02:59,42.3117,48.0021,0,1,ASCENT_1,CX-ON
1012,19:03:00,120,SP1,239.263,17.3869,3.9602,0,0,0,0,0,0,0,0,0,0,STANDBY_1,CX-ON
1012,19:03:01,121,C,S,N,241.451,19.8891,5.4714,19:03:01,41.184,46.119,0,1,ASCENT_1,CX-ON
1012,19:03:02,122,SP1,245.019,17.4878,3.8791,0,0,0,0,0,0,0,0,0,0,STANDBY_1,CX-ON
1012,19:03:03,123,C,S,N,244.476,17.9809,3.7887,19:03:03,43.4229,47.1767,0,1,ASCENT_1,CX-ON
1012,19:03:04,124,SP1,246.529,17.8472,3.4156,0,0,0,0,0,0,0,0,0,0,STANDBY_1,CX-ON
1012,19:03:05,125,C,S,N,249.793,18.423,4.0747,19:03:05,41.3502,46.315,0,1,ASCENT_1,CX-ON
1012,19:03:06,126,SP1,250.312,17.2782,3.908,0,0,0,0,0,0,0,0,0,0,STANDBY_1,CX-ON
1012,19:03:07,127,C,S,N,254.664,19.132,5.8506,19:03:07,41.3281,47.2371,0,1,ASCENT_1,CX-ON
1012,19:03:08,128,SP1,256.099,17.2582,5.9434,0,0,0,0,0,0,0,0,0,0,STANDBY_1,CX-ON
1012,19:03:09,129,C,S,N,257.692,19.2103,5.1018,19:03:09,41.5512,45.5826,0,1,ASCENT_1,CX-ON
1012,19:03:10,130,SP1,259.332,18.6652,3.8916,0,0,0,0,0,0,0,0,0,0,STANDBY_1,CX-ON
1012,19:03:11,131,C,S,N,262.96,19.9834,3.7632,19:03:11,41.3777,45.4781,0,1,ASCENT_1,CX-ON
1012,19:03:12,132,SP1,262.825,17.2847,3.7866,0,0,0,0,0,0,0,0,0,0,STANDBY_1,CX-ON
1012,19:03:13,133,C,S,N,264.557,18.2536,3.2291,19:03:13,42.8783,47.0056,0,1,ASCENT_1,CX-ON
1012,19:03:14,134,SP1,267.899,17.749,5.5735,0,0,0,0,0,0,0,0,0,0,STANDBY_1,CX-ON
1012,19:03:15,135,C,S,N,268.645,17.9872,4.8272,19:03:15,41.3256,47.1883,0,1,ASCENT_1,CX-ON
1012,19:03:16,136,SP1,270.96,20.0333,5.4249,0,0,0,0,0,0,0,0,0,0,STANDBY_1,CX-ON
1012,19:03:17,137,C,S,N,272.647,17.8338,4.1477,19:03:17,43.9461,47.9395,0,1,ASCENT_1,CX-ON
1012,19:03:18,138,SP1,274.971,17.8298,5.0208,0,0,0,0,0,0,0,0,0,0,STANDBY_1,CX-ON
1012,19:03:19,139,C,S,N,278.922,17.0787,5.4438,19:03:19,41.5685,48.0369,0,1,ASCENT_1,CX-ON
1012,19:03:20,140,SP1,281.084,18.6312,4.8547,0,0,0,0,0,0,0,0,0,0,STANDBY_1,CX-ON
1012,19:03:21,141,C,S,N,280.821,17.0893,3.673,19:03:21,41.3018,45.3369,0,1,ASCENT_1,CX-ON
1012,19:03:22,142,SP1,283.808,19.9867,4.5019,0,0,0,0,0,0,0,0,0,0,STANDBY_1,CX-ON
1012,19:03:23,143,C,S,N,286.159,18.2557,3.2703,19:03:23,42.2794,45.9524,0,1,ASCENT_1,CX-ON
1012,19:03:24,144,SP1,288.34,17.297,3.2981,0,0,0,0,0,0,0,0,0,0,STANDBY_1,CX-ON
1012,19:03:25,145,C,S,N,290.253,18.9795,3.1778,19:03:25,42.9424,47.6255,0,1,ASCENT_1,CX-ON
1012,19:03:26,146,SP1,290.12,20.2111,4.7044,0,0,0,0,0,0,0,0,0,0,STANDBY_1,CX-ON
1012,19:03:27,147,C,S,N,294.035,19.9878,4.4376,19:03:27,43.8169,46.4474,0,1,ASCENT_1,CX-ON
1012,19:03:28,148,SP1,294.512,18.6427,4.6973,0,0,0,0,0,0,0,0,0,0,STANDBY_1,CX-ON
1012,19:03:29,149,C,S,N,298.091,17.5869,3.7017,19:03:29,42.5095,47.2649,0,1,ASCENT_1,CX-ON
1012,19:03:30,150,SP1,299.89,19.6463,3.5066,0,0,0,0,0,0,0,0,0,0,STANDBY_1,CX-ON
1012,19:03:31,151,C,S,N,300.53,18.6263,5.4287,19:03:31,43.8576,45.0055,0,1,ASCENT_1,CX-ON
1012,19:03:32,152,SP1,302.116,17.53,4.6552,0,0,0,0,0,0,0,0,0,0,STANDBY_1,CX-ON
1012,19:03:33,153,C,S,N,305.753,18.1876,4.2139,19:03:33,42.6368,45.7326,0,1,ASCENT_1,CX-ON
1012,19:03:34,154,SP1,306.519,18.4436,4.5785,0,0,0,0,0,0,0,0,0,0,STANDBY_1,CX-ON
1012,19:03:35,155,C,S,N,311.185,18.6441,5.4656,19:03:35,41.0835,45.5136,0,1,ASCENT_1,CX-ON
1012,19:03:36,156,SP1,312.734,17.8639,5.5906,0,0,0,0,0,0,0,0,0,0,STANDBY_1,CX-ON
1012,19:03:37,157,C,S,N,314.534,18,4.1702,19:03:37,42.2524,45.741,0,1,ASCENT_1,CX-ON
1012,19:03:38,158,SP1,315.879,19.4487,3.0461,0,0,0,0,0,0,0,0,0,0,STANDBY_1,CX-ON
1012,19:03:39,159,C,S,N,316.776,19.9382,3.388,19:03:39,42.1442,45.9259,0,1,ASCENT_1,CX-ON
1012,19:03:40,160,SP1,320.646,19.8948,5.6793,0,0,0,0,0,0,0,0,0,0,STANDBY_1,CX-ON
1012,19:03:41,161,C,S,N,322.144,19.7019,3.6679,19:03:41,43.5421,46.7321,0,1,ASCENT_1,CX-ON
1012,19:03:42,162,SP1,322.713,18.7809,3.9237,0,0,0,0,0,0,0,0,0,0,STANDBY_1,CX-ON
1012,19:03:43,163,C,S,N,325.223,18.2389,5.9781,19:03:43,42.4061,46.8652,0,1,ASCENT_1,CX-ON
1012,19:03:44,164,SP1,327.303,17.3517,4.1785,0,0,0,0,0,0,0,0,0,0,STANDBY_1,CX-ON
1012,19:03:45,165,C,S,N,328.88,18.7326,5.217,19:03:45,42.5283,46.9258,0,1,ASCENT_1,CX-ON
1012,19:03:46,166,SP1,330.214,19.3499,4.5005,0,0,0,0,0,0,0,0,0,0,STANDBY_1,CX-ON
1012,19:03:47,167,C,S,N,332.728,18.6273,3.7939,19:03:47,42.7462,47.1177,0,1,ASCENT_1,CX-ON
1012,19:03:48,168,SP1,334.934,17.5123,3.4751,0,0,0,0,0,0,0,0,0,0,STANDBY_1,CX-ON
1012,19:03:49,169,C,S,N,337.546,20.0865,5.9582,19:03:49,42.5872,45.3672,0,1,ASCENT_1,CX-ON
1012,19:03:50,170,SP1,339.19,18.1582,3.2194,0,0,0,0,0,0,0,0,0,0,STANDBY_1,CX-ON
1012,19:03:51,171,C,S,N,340.331,19.5602,5.9855,19:03:51,43.4078,45.6806,0,1,ASCENT_1,CX-ON
1012,19:03:52,172,SP1,344.786,18.6749,4.5802,0,0,0,0,0,0,0,0,0,0,STANDBY_1,CX-ON
1012,19:03:53,173,C,S,N,346.023,19.0622,3.2638,19:03:53,41.7508,47.2521,0,1,ASCENT_1,CX-ON
1012,19:03:54,174,SP1,346.202,19.8179,3.6176,0,0,0,0,0,0,0,0,0,0,STANDBY_1,CX-ON
1012,19:03:55,175,C,S,N,350.051,19.8337,3.0214,19:03:55,41.1334,47.0873,0,1,ASCENT_1,CX-ON
1012,19:03:56,176,SP1,351.109,17.1223,5.8996,0,0,0,0,0,0,0,0,0,0,STANDBY_1,CX-ON
1012,19:03:57,177,C,S,N,352.632,18.0558,5.2327,19:03:57,42.9472,46.3138,0,1,ASCENT_1,CX-ON
1012,19:03:58,178,SP1,355.729,17.2995,3.0358,0,0,0,0,0,0,0,0,0,0,STANDBY_1,CX-ON
1012,19:03:59,179,C,S,N,358.31,18.9928,4.7814,19:03:59,42.6815,47.071,0,1,ASCENT_1,CX-ON
1012,19:04:00,180,SP1,359.636,17.3607,5.2828,0,0,0,0,0,0,0,0,0,0,STANDBY_1,CX-ON
1012,19:04:01,181,C,S,N,360.08,17.1401,3.0152,19:04:01,41.3029,46.532,0,1,ASCENT_1,CX-ON
1012,19:04:02,182,SP1,363.835,18.5559,3.6208,0,0,0,0,0,0,0,0,0,0,STANDBY_1,CX-ON
1012,19:04:03,183,C,S,N,366.014,17.7407,3.2826,19:04:03,42.2985,47.7202,0,1,ASCENT_1,CX-ON
1012,19:04:04,184,SP1,369.237,19.4232,5.3471,0,0,0,0,0,0,0,0,0,0,STANDBY_1,CX-ON
1012,19:04:05,185,C,S,N,368.652,17.7513,4.7532,19:04:05,44.2133,47.7968,0,1,ASCENT_1,CX-ON
1012,19:04:06,186,SP1,370.8,17.4407,5.4187,0,0,0,0,0,0,0,0,0,0,STANDBY_1,CX-ON
1012,19:04:07,187,C,S,N,373.832,18.3486,4.2194,19:04:07,41.7895,46.4194,0,1,ASCENT_1,CX-ON
1012,19:04:08,188,SP1,375,19.2787,5.6953,0,0,0,0,0,0,0,0,0,0,STANDBY_1,CX-ON
1012,19:04:09,189,C,S,N,377.195,19.8215,5.7362,19:04:09,42.2608,47.9566,0,1,ASCENT_1,CX-ON
1012,19:04:10,190,SP1,380.215,17.0558,5.378,0,0,0,0,0,0,0,0,0,0,STANDBY_1,CX-ON
1012,19:04:11,191,C,S,N,382.052,18.5121,3.0728,19:04:11,41.0968,47.7276,0,1,ASCENT_1,CX-ON
1012,19:04:12,192,SP1,383.847,19.072,4.964,0,0,0,0,0,0,0,0,0,0,STANDBY_1,CX-ON
1012,19:04:13,193,C,S,N,385.852,18.9116,3.7876,19:04:13,42.3928,48.1433,0,1,ASCENT_1,CX-ON
1012,19:04:14,194,SP1,386.285,17.0532,4.0584,0,0,0,0,0,0,0,0,0,0,STANDBY_1,CX-ON
1012,19:04:15,195,C,S,N,389.762,18.3134,5.4363,19:04:15,41.987,45.7653,0,1,ASCENT_1,CX-ON
1012,19:04:16,196,SP1,392.793,17.7033,3.148,0,0,0,0,0,0,0,0,0,0,STANDBY_1,CX-ON
1012,19:04:17,197,C,S,N,392.861,19.728,5.9746,19:04:17,42.1164,48.2661,0,1,ASCENT_1,CX-ON
1012,19:04:18,198,SP1,395.303,17.3217,4.1252,0,0,0,0,0,0,0,0,0,0,STANDBY_1,CX-ON
1012,19:04:19,199,C,S,N,396.356,17.3551,5.6167,19:04:19,41.9066,45.9233,0,1,ASCENT_1,CX-ON
1012,19:04:20,200,SP1,399.61,17.7909,5.5415,0,0,0,0,0,0,0,0,0,0,STANDBY_1,CX-ON
1012,19:04:21,201,C,S,N,402.314,20.1485,4.164,19:04:21,43.016,45.783,0,1,ASCENT_1,CX-ON
1012,19:04:22,202,SP1,404.42,18.3968,5.8436,0,0,0,0,0,0,0,0,0,0,STANDBY_1,CX-ON
1012,19:04:23,203,C,S,N,406.673,18.4462,5.5753,19:04:23,44.222,47.2501,0,1,ASCENT_1,CX-ON
1012,19:04:24,204,SP1,409.106,19.528,4.6161,0,0,0,0,0,0,0,0,0,0,STANDBY_1,CX-ON
1012,19:04:25,205,C,S,N,408.991,18.1852,3.285,19:04:25,41.3314,47.5794,0,1,ASCENT_1,CX-ON
1012,19:04:26,206,SP1,413.153,18.5928,5.8503,0,0,0,0,0,0,0,0,0,0,STANDBY_1,CX-ON
1012,19:04:27,207,C,S,N,413.256,18.1811,5.2526,19:04:27,42.2455,47.7766,0,1,ASCENT_1,CX-ON
1012,19:04:28,208,SP1,416.302,17.8145,5.5156,0,0,0,0,0,0,0,0,0,0,STANDBY_1,CX-ON
1012,19:04:29,209,C,S,N,416.474,18.9477,3.7166,19:04:29,41.4757,45.8014,0,1,ASCENT_1,CX-ON
1012,19:04:30,210,SP1,420.232,17.69,5.7545,0,0,0,0,0,0,0,0,0,0,STANDBY_1,CX-ON
1012,19:04:31,211,C,S,N,422.605,17.1799,4.3396,19:04:31,42.5818,46.5642,0,1,ASCENT_1,CX-ON
1012,19:04:32,212,SP1,424.762,19.0513,3.2732,0,0,0,0,0,0,0,0,0,0,STANDBY_1,CX-ON
1012,19:04:33,213,C,S,N,425.17,18.669,3.3352,19:04:33,43.3369,46.1183,0,1,ASCENT_1,CX-ON
1012,19:04:34,214,SP1,428.827,17.3435,4.3559,0,0,0,0,0,0,0,0,0,0,STANDBY_1,CX-ON
1012,19:04:35,215,C,S,N,430.073,17.2211,4.3255,19:04:35,42.6007,45.7526,0,1,ASCENT_1,CX-ON
1012,19:04:36,216,SP1,432.19,18.6122,4.2439,0,0,0,0,0,0,0,0,0,0,STANDBY_1,CX-ON
1012,19:04:37,217,C,S,N,433.334,18.222,3.1167,19:04:37,42.6879,46.833,0,1,ASCENT_1,CX-ON
1012,19:04:38,218,SP1,435.68,18.2168,3.2462,0,0,0,0,0,0,0,0,0,0,STANDBY_1,CX-ON
1012,19:04:39,219,C,S,N,436.506,18.3745,3.9924,19:04:39,43.9535,46.0542,0,1,ASCENT_1,CX-ON
1012,19:04:40,220,SP1,438.27,17.6372,5.2146,0,0,0,0,0,0,0,0,0,0,STANDBY_1,CX-ON
1012,19:04:41,221,C,S,N,440.156,20.2523,4.523,19:04:41,41.4265,47.4836,0,1,ASCENT_1,CX-ON
1012,19:04:42,222,SP1,443.557,17.1138,4.1963,0,0,0,0,0,0,0,0,0,0,STANDBY_1,CX-ON
1012,19:04:43,223,C,S,N,444.045,19.4104,4.7401,19:04:43,43.1523,45.5255,0,1,ASCENT_1,CX-ON
1012,19:04:44,224,SP1,446.202,20.1657,5.2825,0,0,0,0,0,0,0,0,0,0,STANDBY_1,CX-ON
1012,19:04:45,225,C,S,N,448.135,19.7577,4.4883,19:04:45,41.4311,47.6146,0,1,ASCENT_1,CX-ON
1012,19:04:46,226,SP1,452.909,17.2195,4.1419,0,0,0,0,0,0,0,0,0,0,STANDBY_1,CX-ON
1012,19:04:47,227,C,S,N,452.088,18.2099,3.0801,19:04:47,41.81,48.1686,0,1,ASCENT_1,CX-ON
1012,19:04:48,228,SP1,457.197,17.1617,4.6265,0,0,0,0,0,0,0,0,0,0,STANDBY_1,CX-ON
1012,19:04:49,229,C,S,N,457.061,17.6047,4.5291,19:04:49,41.6939,45.548,0,1,ASCENT_1,CX-ON
1012,19:04:50,230,SP1,459.024,18.6788,4.2939,0,0,0,0,0,0,0,0,0,0,STANDBY_1,CX-ON
1012,19:04:51,231,C,S,N,462.94,18.7274,4.4075,19:04:51,43.773,46.3185,0,1,ASCENT_1,CX-ON
1012,19:04:52,232,SP1,462.136,19.6917,3.2784,0,0,0,0,0,0,0,0,0,0,STANDBY_1,CX-ON
1012,19:04:53,233,C,S,N,466.502,17.6614,4.3459,19:04:53,42.0068,46.9853,0,1,ASCENT_1,CX-ON
1012,19:04:54,234,SP1,466.279,19.0063,3.74,0,0,0,0,0,0,0,0,0,0,STANDBY_1,CX-ON
1012,19:04:55,235,C,S,N,468.979,18.2935,4.8788,19:04:55,42.4239,45.6285,0,1,ASCENT_1,CX-ON
1012,19:04:56,236,SP1,472.279,20.0127,3.1706,0,0,0,0,0,0,0,0,0,0,STANDBY_1,CX-ON
1012,19:04:57,237,C,S,N,472.565,17.3766,3.5943,19:04:57,43.3717,47.394,0,1,ASCENT_1,CX-ON
1012,19:04:58,238,SP1,476.964,20.0491,4.4927,0,0,0,0,0,0,0,0,0,0,STANDBY_1,CX-ON
1012,19:04:59,239,C,S,N,476.752,17.8545,3.7991,19:04:59,44.0285,47.4573,0,1,ASCENT_1,CX-ON
1012,19:05:00,240,SP1,478.531,18.196,3.6309,0,0,0,0,0,0,0,0,0,0,STANDBY_1,CX-ON
1012,19:05:01,241,C,S,N,482.378,18.0201,3.9333,19:05:01,41.8559,47.1636,0,1,ASCENT_1,CX-ON
1012,19:05:02,242,SP1,482.652,18.5666,3.7069,0,0,0,0,0,0,0,0,0,0,STANDBY_1,CX-ON
1012,19:05:03,243,C,S,N,484.119,19.1059,3.7779,19:05:03,41.9306,47.6408,0,1,ASCENT_1,CX-ON
1012,19:05:04,244,SP1,489.276,19.26,3.4302,0,0,0,0,0,0,0,0,0,0,STANDBY_1,CX-ON
1012,19:05:05,245,C,S,N,489.466,18.5384,4.5194,19:05:05,42.109,47.0992,0,1,ASCENT_1,CX-ON
1012,19:05:06,246,SP1,490.985,19.7469,5.5583,0,0,0,0,0,0,0,0,0,0,STANDBY_1,CX-ON
1012,19:05:07,247,C,S,N,492.071,18.3477,5.946,19:05:07,43.177,45.0931,0,1,ASCENT_1,CX-ON
1012,19:05:08,248,SP1,496.979,17.196,3.1073,0,0,0,0,0,0,0,0,0,0,STANDBY_1,CX-ON
1012,19:05:09,249,C,S,N,498.988,19.2411,4.0546,19:05:09,41.3887,47.1934,0,1,ASCENT_1,CX-ON
1012,19:05:10,250,SP1,501.128,17.9557,3.6307,0,0,0,0,0,0,0,0,0,0,STANDBY_1,CX-ON
1012,19:05:11,251,C,S,N,500.119,20.0016,5.4504,19:05:11,42.7117,47.1314,0,1,ASCENT_1,CX-ON
1012,19:05:12,252,SP1,503.901,18.3154,5.6331,0,0,0,0,0,0,0,0,0,0,STANDBY_1,CX-ON
1012,19:05:13,253,C,S,N,506.716,18.934,3.1116,19:05:13,43.0775,45.3971,0,1,ASCENT_1,CX-ON
1012,19:05:14,254,SP1,506.654,20.0835,5.9012,0,0,0,0,0,0,0,0,0,0,STANDBY_1,CX-ON
1012,19:05:15,255,C,S,N,511.156,17.3597,3.3322,19:05:15,43.4467,45.3098,0,1,ASCENT_1,CX-ON
1012,19:05:16,256,SP1,512.821,18.7214,4.8426,0,0,0,0,0,0,0,0,0,0,STANDBY_1,CX-ON
1012,19:05:17,257,C,S,N,514.149,18.6052,4.7971,19:05:17,43.9852,46.2212,0,1,ASCENT_1,CX-ON
1012,19:05:18,258,SP1,514.49,19.7408,4.0208,0,0,0,0,0,0,0,0,0,0,STANDBY_1,CX-ON
1012,19:05:19,259,C,S,N,517.645,19.2086,5.2985,19:05:19,43.5646,46.9585,0,1,ASCENT_1,CX-ON
1012,19:05:20,260,SP1,518.109,17.8262,4.3755,0,0,0,0,0,0,0,0,0,0,STANDBY_1,CX-ON
1012,19:05:21,261,C,S,N,522.962,18.558,3.1845,19:05:21,41.3118,46.4005,0,1,ASCENT_1,CX-ON
1012,19:05:22,262,SP1,524.305,17.3284,4.8532,0,0,0,0,0,0,0,0,0,0,STANDBY_1,CX-ON
1012,19:05:23,263,C,S,N,524.52,17.4707,4.1089,19:05:23,43.4816,47.7403,0,1,ASCENT_1,CX-ON
1012,19:05:24,264,SP1,527.542,18.7602,4.7242,0,0,0,0,0,0,0,0,0,0,STANDBY_1,CX-ON
1012,19:05:25,265,C,S,N,528.941,18.8204,5.5311,19:05:25,42.8878,46.7725,0,1,ASCENT_1,CX-ON
1012,19:05:26,266,SP1,532.365,17.1706,3.0317,0,0,0,0,0,0,0,0,0,0,STANDBY_1,CX-ON
1012,19:05:27,267,C,S,N,534.767,17.1053,4.5616,19:05:27,42.9799,46.8061,0,1,ASCENT_1,CX-ON
1012,19:05:28,268,SP1,535.509,18.9516,5.0052,0,0,0,0,0,0,0,0,0,0,STANDBY_1,CX-ON
1012,19:05:29,269,C,S,N,537.227,19.555,3.2189,19:05:29,41.3694,47.7712,0,1,ASCENT_1,CX-ON
1012,19:05:30,270,SP1,540.277,18.0938,5.9448,0,0,0,0,0,0,0,0,0,0,STANDBY_1,CX-ON
1012,19:05:31,271,C,S,N,543.255,20.1341,5.8802,19:05:31,41.6183,45.5661,0,1,ASCENT_1,CX-ON
1012,19:05:32,272,SP1,543.57,17.0892,5.0071,0,0,0,0,0,0,0,0,0,0,STANDBY_1,CX-ON
1012,19:05:33,273,C,S,N,546.95,18.1914,4.9101,19:05:33,44.139,48.1986,0,1,ASCENT_1,CX-ON
1012,19:05:34,274,SP1,547.438,17.1133,3.0162,0,0,0,0,0,0,0,0,0,0,STANDBY_1,CX-ON
1012,19:05:35,275,C,S,N,549.986,19.4972,3.762,19:05:35,42.4176,46.4607,0,1,ASCENT_1,CX-ON
1012,19:05:36,276,SP1,552.257,20.0859,3.9616,0,0,0,0,0,0,0,0,0,0,STANDBY_1,CX-ON
1012,19:05:37,277,C,S,N,553.273,19.6667,5.318,19:05:37,44.2239,47.2729,0,1,ASCENT_1,CX-ON
1012,19:05:38,278,SP1,556.766,19.6731,3.7977,0,0,0,0,0,0,0,0,0,0,STANDBY_1,CX-ON
1012,19:05:39,279,C,S,N,556.39,19.1236,5.5331,19:05:39,42.4402,45.1785,0,1,ASCENT_1,CX-ON
1012,19:05:40,280,SP1,561.111,17.2739,5.8683,0,0,0,0,0,0,0,0,0,0,STANDBY_1,CX-ON
1012,19:05:41,281,C,S,N,560.814,17.1736,4.1479,19:05:41,43.6435,46.6762,0,1,ASCENT_1,CX-ON
1012,19:05:42,282,SP1,562.709,17.1183,3.972,0,0,0,0,0,0,0,0,0,0,STANDBY_1,CX-ON
1012,19:05:43,283,C,S,N,565.686,17.9564,5.982,19:05:43,43.0303,45.8111,0,1,ASCENT_1,CX-ON
1012,19:05:44,284,SP1,566.389,20.1357,5.1589,0,0,0,0,0,0,0,0,0,0,STANDBY_1,CX-ON
1012,19:05:45,285,C,S,N,571.267,18.785,3.2522,19:05:45,43.9882,46.0491,0,1,ASCENT_1,CX-ON
1012,19:05:46,286,SP1,0.7684,19.872,3.7853,0,0,0,0,0,0,0,0,0,0,STANDBY_1,CX-ON
1012,19:05:47,287,C,S,N,1.8657,20.1935,5.7917,19:05:47,43.6696,46.5174,0,1,ASCENT_1,CX-ON
1012,19:05:48,288,SP1,3.0332,20.1153,5.1292,0,0,0,0,0,0,0,0,0,0,STANDBY_1,CX-ON
1012,19:05:49,289,C,S,N,2.5033,18.3724,3.7412,19:05:49,43.5525,45.0383,0,1,ASCENT_1,CX-ON
1012,19:05:50,290,SP1,0.1905,18.5241,3.5413,0,0,0,0,0,0,0,0,0,0,STANDBY_1,CX-ON
1012,19:05:51,291,C,S,N,2.15,19.3125,3.757,19:05:51,42.387,48.1252,0,1,ASCENT_1,CX-ON
1012,19:05:52,292,SP1,0.647,18.5192,3.6029,0,0,0,0,0,0,0,0,0,0,STANDBY_1,CX-ON
1012,19:05:53,293,C,S,N,2.4154,18.9525,4.2448,19:05:53,41.0214,45.3451,0,1,ASCENT_1,CX-ON
1012,19:05:54,294,SP1,2.0277,17.0081,5.6494,0,0,0,0,0,0,0,0,0,0,STANDBY_1,CX-ON
1012,19:05:55,295,C,S,N,3.2656,18.1416,5.3864,19:05:55,42.7218,46.3485,0,1,ASCENT_1,CX-ON
1012,19:05:56,296,SP1,2.3598,17.0956,4.81,0,0,0,0,0,0,0,0,0,0,STANDBY_1,CX-ON
1012,19:05:57,297,C,S,N,2.3028,19.9903,3.47,19:05:57,42.4333,46.2198,0,1,ASCENT_1,CX-ON
1012,19:05:58,298,SP1,2.0398,19.9043,3.5651,0,0,0,0,0,0,0,0,0,0,STANDBY_1,CX-ON
1012,19:05:59,299,C,S,N,2.5489,19.4383,5.2893,19:05:59,41.026,46.9431,0,1,ASCENT_1,CX-ON
1012,19:06:00,300,SP1,2.8023,18.4437,5.0511,-18,-18,-19,-10,-9,-9,-1,0,0,0,RELEASED_1,CX-ON
1012,19:06:01,0,C,S,R,2.3984,0,5,19:06:01,0,0,2.3984,1,DESCENT_1,CX-ON
1012,19:06:02,0,C,2.7455,0,5,-18,-20,-18,-9,-10,-10,-1,-1,0,0,RELEASED_1,CX-ON
1012,19:06:03,0,C,S,R,2.5948,0,5,19:06:03,0,0,2.5948,1,DESCENT_1,CX-ON
1012,19:06:04,0,C,0.1739,0,5,-20,-19,-19,-9,-10,-9,-1,-1,-1,0,RELEASED_1,CX-ON
1012,19:06:05,0,C,S,R,2.6707,0,5,19:06:05,0,0,2.6707,1,DESCENT_1,CX-ON
1012,19:06:06,0,C,1.5258,0,5,-19,-20,-19,-10,-10,-9,0,0,-1,0,RELEASED_1,CX-ON
1012,19:06:07,0,C,S,R,1.0304,0,5,19:06:07,0,0,1.0304,1,DESCENT_1,CX-ON
1012,19:06:08,0,C,1.0041,0,5,-17,-17,-20,-10,-10,-9,-1,-1,-1,0,RELEASED_1,CX-ON
1012,19:06:09,0,C,S,R,3.0831,0,5,19:06:09,0,0,3.0831,1,DESCENT_1,CX-ON
1012,19:06:10,0,C,0.3735,0,5,-19,-18,-20,-9,-10,-10,0,-1,0,0,RELEASED_1,CX-ON
1012,19:06:11,0,C,S,R,0.3411,0,5,19:06:11,0,0,0.3411,1,DESCENT_1,CX-ON
1012,19:06:12,0,C,1.3705,0,5,-18,-18,-18,-10,-10,-10,0,-1,-1,0,RELEASED_1,CX-ON
1012,19:06:13,0,C,S,R,2.3554,0,5,19:06:13,0,0,2.3554,1,DESCENT_1,CX-ON
1012,19:06:14,0,C,1.7989,0,5,-20,-20,-20,-10,-9,-10,0,-1,-1,0,RELEASED_1,CX-ON
1012,19:06:15,0,C,S,R,0.2485,0,5,19:06:15,0,0,0.2485,1,DESCENT_1,CX-ON
1012,19:06:16,0,C,1.8665,0,5,-17,-19,-17,-10,-10,-10,-1,-1,-1,0,RELEASED_1,CX-ON
1012,19:06:17,0,C,S,R,2.7467,0,5,19:06:17,0,0,2.7467,1,DESCENT_1,CX-ON
1012,19:06:18,0,C,2.0996,0,5,-17,-17,-19,-10,-9,-9,-1,0,-1,0,RELEASED_1,CX-ON
1012,19:06:19,0,C,S,R,1.5318,0,5,19:06:19,0,0,1.5318,1,DESCENT_1,CX-ON
1012,19:06:20,0,C,3.2217,0,5,-20,-20,-19,-10,-10,-9,-1,-1,0,0,RELEASED_1,CX-ON
1012,19:06:21,0,C,S,R,4.0922,0,5,19:06:21,0,0,4.0922,1,DESCENT_1,CX-ON
1012,19:06:22,0,C,3.3345,0,5,-19,-20,-18,-10,-10,-10,-1,0,-1,0,RELEASED_1,CX-ON
1012,19:06:23,0,C,S,R,1.6179,0,5,19:06:23,0,0,1.6179,1,DESCENT_1,CX-ON
1012,19:06:24,0,C,1.892,0,5,-19,-20,-20,-10,-9,-10,0,0,0,0,RELEASED_1,CX-ON
1012,19:06:25,0,C,S,R,2.6701,0,5,19:06:25,0,0,2.6701,1,DESCENT_1,CX-ON
1012,19:06:26,0,C,2.5309,0,5,-19,-17,-20,-9,-10,-9,0,-1,-1,0,RELEASED_1,CX-ON
1012,19:06:27,0,C,S,R,3.4492,0,5,19:06:27,0,0,3.4492,1,DESCENT_1,CX-ON
1012,19:06:28,0,C,2.2036,0,5,-18,-19,-19,-9,-9,-9,-1,-1,-1,0,RELEASED_1,CX-ON
1012,19:06:29,0,C,S,R,3.346,0,5,19:06:29,0,0,3.346,1,DESCENT_1,CX-ON
1012,19:06:30,0,C,3.6582,0,5,-20,-18,-20,-10,-9,-10,-1,-1,0,0,RELEASED_1,CX-ON
1012,19:06:31,0,C,S,R,1.2432,0,5,19:06:31,0,0,1.2432,1,DESCENT_1,CX-ON
1012,19:06:32,0,C,2.1133,0,5,-18,-20,-20,-9,-9,-10,-1,-1,0,0,RELEASED_1,CX-ON
1012,19:06:33,0,C,S,R,2.0557,0,5,19:06:33,0,0,2.0557,1,DESCENT_1,CX-ON
1012,19:06:34,0,C,1.8347,0,5,-19,-18,-19,-10,-10,-10,0,0,0,0,RELEASED_1,CX-ON
1012,19:06:35,0,C,S,R,4.0205,0,5,19:06:35,0,0,4.0205,1,DESCENT_1,CX-ON
1012,19:06:36,0,C,3.629,0,5,-18,-20,-19,-9,-9,-10,-1,-1,-1,0,RELEASED_1,CX-ON
1012,19:06:37,0,C,S,R,2.7799,0,5,19:06:37,0,0,2.7799,1,DESCENT_1,CX-ON
1012,19:06:38,0,C,2.5787,0,5,-17,-18,-20,-9,-10,-10,-1,-1,0,0,RELEASED_1,CX-ON
1012,19:06:39,0,C,S,R,2.4276,0,5,19:06:39,0,0,2.4276,1,DESCENT_1,CX-ON
1012,19:06:40,0,C,2.5697,0,5,-18,-20,-19,-9,-9,-10,0,-1,0,0,RELEASED_1,CX-ON
1012,19:06:41,0,C,S,R,4.0274,0,5,19:06:41,0,0,4.0274,1,DESCENT_1,CX-ON
1012,19:06:42,0,C,1.7381,0,5,-18,-17,-18,-10,-9,-9,0,0,-1,0,RELEASED_1,CX-ON
1012,19:06:43,0,C,S,R,1.0947,0,5,19:06:43,0,0,1.0947,1,DESCENT_1,CX-ON
1012,19:06:44,0,C,1.2634,0,5,-20,-18,-20,-10,-10,-10,-1,0,-1,0,RELEASED_1,CX-ON
1012,19:06:45,0,C,S,R,1.702,0,5,19:06:45,0,0,1.702,1,DESCENT_1,CX-ON
1012,19:06:46,0,C,1.4648,0,5,-20,-19,-20,-9,-10,-10,-1,0,-1,0,RELEASED_1,CX-ON
1012,19:06:47,0,C,S,R,1.8424,0,5,19:06:47,0,0,1.8424,1,DESCENT_1,CX-ON
1012,19:06:48,0,C,1.5835,0,5,-19,-20,-19,-10,-9,-9,0,-1,0,0,RELEASED_1,CX-ON
1012,19:06:49,0,C,S,R,1.8004,0,5,19:06:49,0,0,1.8004,1,DESCENT_1,CX-ON
1012,19:06:50,0,C,3.2516,0,5,-18,-19,-18,-10,-10,-10,0,-1,-1,0,RELEASED_1,CX-ON
1012,19:06:51,0,C,S,R,3.2723,0,5,19:06:51,0,0,3.2723,1,DESCENT_1,CX-ON
1012,19:06:52,0,C,1.2629,0,5,-20,-20,-19,-10,-10,-10,-1,-1,-1,0,RELEASED_1,CX-ON
1012,19:06:53,0,C,S,R,3.6186,0,5,19:06:53,0,0,3.6186,1,DESCENT_1,CX-ON
1012,19:06:54,0,C,4.2454,0,5,-18,-20,-18,-10,-9,-10,0,0,-1,0,RELEASED_1,CX-ON
1012,19:06:55,0,C,S,R,3.634,0,5,19:06:55,0,0,3.634,1,DESCENT_1,CX-ON
1012,19:06:56,0,C,3.314,0,5,-20,-20,-18,-10,-10,-9,-1,-1,-1,0,RELEASED_1,CX-ON
1012,19:06:57,0,C,S,R,2.6189,0,5,19:06:57,0,0,2.6189,1,DESCENT_1,CX-ON
1012,19:06:58,0,C,3.3919,0,5,-18,-19,-19,-9,-9,-10,-1,0,-1,0,RELEASED_1,CX-ON
1012,19:06:59,0,C,S,R,3.692,0,5,19:06:59,0,0,3.692,1,DESCENT_1,CX-ON
1012,19:07:00,0,C,2.513,0,5,-19,-18,-20,-10,-10,-10,0,-1,-1,0,RELEASED_1,CX-ON
1012,19:07:01,0,C,S,R,3.1274,0,5,19:07:01,0,0,3.1274,1,DESCENT_1,CX-ON
1012,19:07:02,0,C,1.0253,0,5,-19,-19,-20,-10,-9,-10,0,-1,-1,0,RELEASED_1,CX-ON
1012,19:07:03,0,C,S,R,3.0399,0,5,19:07:03,0,0,3.0399,1,DESCENT_1,CX-ON
1012,19:07:04,0,C,1.3732,0,5,-20,-20,-20,-10,-9,-10,-1,-1,0,0,RELEASED_1,CX-ON
1012,19:07:05,0,C,S,R,1.541,0,5,19:07:05,0,0,1.541,1,DESCENT_1,CX-ON
1012,19:07:06,0,C,1.7359,0,5,-19,-18,-18,-9,-9,-10,0,-1,-1,0,RELEASED_1,CX-ON
1012,19:07:07,0,C,S,R,2.9672,0,5,19:07:07,0,0,2.9672,1,DESCENT_1,CX-ON
1012,19:07:08,0,C,3.1826,0,5,-19,-19,-17,-10,-10,-9,0,0,0,0,RELEASED_1,CX-ON
1012,19:07:09,0,C,S,R,2.3012,0,5,19:07:09,0,0,2.3012,1,DESCENT_1,CX-ON
1012,19:07:10,0,C,4.13,0,5,-19,-20,-18,-9,-10,-9,-1,0,0,0,RELEASED_1,CX-ON
1012,19:07:11,0,C,S,R,2.7729,0,5,19:07:11,0,0,2.7729,1,DESCENT_1,CX-ON
1012,19:07:12,0,C,1.7634,0,5,-19,-20,-19,-10,-10,-9,-1,-1,-1,0,RELEASED_1,CX-ON
1012,19:07:13,0,C,S,R,1.1006,0,5,19:07:13,0,0,1.1006,1,DESCENT_1,CX-ON
1012,19:07:14,0,C,3.6971,0,5,-19,-20,-19,-10,-9,-9,-1,-1,-1,0,RELEASED_1,CX-ON
1012,19:07:15,0,C,S,R,2.6331,0,5,19:07:15,0,0,2.6331,1,DESCENT_1,CX-ON
1012,19:07:16,0,C,4.0004,0,5,-18,-18,-19,-9,-10,-9,-1,-1,-1,0,RELEASED_1,CX-ON
1012,19:07:17,0,C,S,R,4.1343,0,5,19:07:17,0,0,4.1343,1,DESCENT_1,CX-ON
1012,19:07:18,0,C,2.2308,0,5,-17,-17,-20,-9,-10,-10,0,0,0,0,RELEASED_1,CX-ON
1012,19:07:19,0,C,S,R,3.1908,0,5,19:07:19,0,0,3.1908,1,DESCENT_1,CX-ON
1012,19:07:20,0,C,3.2167,0,5,-18,-20,-20,-10,-10,-9,-1,-1,0,0,RELEASED_1,CX-ON
1012,19:07:21,0,C,S,R,1.4759,0,5,19:07:21,0,0,1.4759,1,DESCENT_1,CX-ON
1012,19:07:22,0,C,4.142,0,5,-19,-20,-20,-10,-10,-9,0,-1,-1,0,RELEASED_1,CX-ON
1012,19:07:23,0,C,S,R,1.8698,0,5,19:07:23,0,0,1.8698,1,DESCENT_1,CX-ON
1012,19:07:24,0,C,1.7017,0,5,-18,-20,-20,-10,-10,-10,-1,-1,-1,0,RELEASED_1,CX-ON
1012,19:07:25,0,C,S,R,2.7124,0,5,19:07:25,0,0,2.7124,1,DESCENT_1,CX-ON
1012,19:07:26,0,C,2.9428,0,5,-20,-18,-18,-9,-9,-10,-1,-1,-1,0,RELEASED_1,CX-ON
1012,19:07:27,0,C,S,R,2.2957,0,5,19:07:27,0,0,2.2957,1,DESCENT_1,CX-ON
1012,19:07:28,0,C,3.7482,0,5,-19,-19,-19,-10,-10,-9,-1,-1,-1,0,RELEASED_1,CX-ON
1012,19:07:29,0,C,S,R,3.7669,0,5,19:07:29,0,0,3.7669,1,DESCENT_1,CX-ON
1012,19:07:30,0,C,3.7738,0,5,-18,-20,-18,-10,-10,-10,-1,-1,-1,0,RELEASED_1,CX-ON
1012,19:07:31,0,C,S,R,4.0557,0,5,19:07:31,0,0,4.0557,1,DESCENT_1,CX-ON
1012,19:07:32,0,C,2.1352,0,5,-20,-20,-19,-10,-10,-10,-1,-1,-1,0,RELEASED_1,CX-ON
1012,19:07:33,0,C,S,R,2.873,0,5,19:07:33,0,0,2.873,1,DESCENT_1,CX-ON
1012,19:07:34,0,C,3.3341,0,5,-18,-18,-20,-10,-9,-10,-1,-1,-1,0,RELEASED_1,CX-ON
1012,19:07:35,0,C,S,R,2.2887,0,5,19:07:35,0,0,2.2887,1,DESCENT_1,CX-ON
1012,19:07:36,0,C,3.9332,0,5,-19,-18,-20,-10,-9,-10,-1,0,-1,0,RELEASED_1,CX-ON
1012,19:07:37,0,C,S,R,3.4417,0,5,19:07:37,0,0,3.4417,1,DESCENT_1,CX-ON
1012,19:07:38,0,C,2.5788,0,5,-18,-18,-20,-10,-10,-9,-1,-1,-1,0,RELEASED_1,CX-ON
1012,19:07:39,0,C,S,R,3.6603,0,5,19:07:39,0,0,3.6603,1,DESCENT_1,CX-ON
1012,19:07:40,0,C,3.8794,0,5,-19,-18,-18,-10,-10,-10,0,0,0,0,RELEASED_1,CX-ON
1012,19:07:41,0,C,S,R,3.8218,0,5,19:07:41,0,0,3.8218,1,DESCENT_1,CX-ON
1012,19:07:42,0,C,3.0326,0,5,-17,-18,-20,-10,-10,-10,0,-1,-1,0,RELEASED_1,CX-ON
1012,19:07:43,0,C,S,R,3.0152,0,5,19:07:43,0,0,3.0152,1,DESCENT_1,CX-ON
1012,19:07:44,0,C,3.63,0,5,-19,-17,-19,-10,-9,-10,-1,0,-1,0,RELEASED_1,CX-ON
1012,19:07:45,0,C,S,R,3.4435,0,5,19:07:45,0,0,3.4435,1,DESCENT_1,CX-ON
1012,19:07:46,0,C,3.1035,0,5,-19,-19,-20,-10,-10,-10,-1,-1,-1,0,RELEASED_1,CX-ON
1012,19:07:47,0,C,S,R,2.6285,0,5,19:07:47,0,0,2.6285,1,DESCENT_1,CX-ON
1012,19:07:48,0,C,1.5191,0,5,-18,-19,-20,-10,-10,-9,0,-1,-1,0,RELEASED_1,CX-ON
1012,19:07:49,0,C,S,R,2.4091,0,5,19:07:49,0,0,2.4091,1,DESCENT_1,CX-ON
1012,19:07:50,0,C,4.2264,0,5,-19,-19,-19,-9,-9,-10,0,0,-1,0,RELEASED_1,CX-ON
1012,19:07:51,0,C,S,R,1.9656,0,5,19:07:51,0,0,1.9656,1,DESCENT_1,CX-ON
1012,19:07:52,0,C,1.9803,0,5,-19,-18,-20,-10,-10,-9,0,-1,-1,0,RELEASED_1,CX-ON
1012,19:07:53,0,C,S,R,1.0834,0,5,19:07:53,0,0,1.0834,1,DESCENT_1,CX-ON
1012,19:07:54,0,C,3.9006,0,5,-19,-20,-18,-9,-10,-10,-1,-1,0,0,RELEASED_1,CX-ON
1012,19:07:55,0,C,S,R,3.8266,0,5,19:07:55,0,0,3.8266,1,DESCENT_1,CX-ON
1012,19:07:56,0,C,2.0294,0,5,-18,-18,-20,-9,-10,-9,-1,0,-1,0,RELEASED_1,CX-ON
1012,19:07:57,0,C,S,R,2.9606,0,5,19:07:57,0,0,2.9606,1,DESCENT_1,CX-ON
1012,19:07:58,0,C,1.8331,0,5,-20,-20,-20,-9,-10,-10,0,-1,-1,0,RELEASED_1,CX-ON
1012,19:07:59,0,C,S,R,4.1056,0,5,19:07:59,0,0,4.1056,1,DESCENT_1,CX-ON
1012,19:08:00,0,C,3.9624,0,5,-20,-18,-18,-9,-9,-9,-1,-1,-1,0,RELEASED_1,CX-ON
1012,19:08:01,0,C,S,R,1.1479,0,5,19:08:01,0,0,1.1479,1,DESCENT_1,CX-ON
1012,19:08:02,0,C,2.8062,0,5,-20,-20,-19,-10,-10,-10,-1,0,-1,0,RELEASED_1,CX-ON
1012,19:08:03,0,C,S,R,1.2123,0,5,19:08:03,0,0,1.2123,1,DESCENT_1,CX-ON
1012,19:08:04,0,C,1.8384,0,5,-20,-18,-19,-10,-9,-9,-1,-1,-1,0,RELEASED_1,CX-ON
1012,19:08:05,0,C,S,R,4.1699,0,5,19:08:05,0,0,4.1699,1,DESCENT_1,CX-ON
1012,19:08:06,0,C,3.1606,0,5,-17,-18,-19,-9,-9,-9,0,-1,0,0,RELEASED_1,CX-ON
1012,19:08:07,0,C,S,R,2.2152,0,5,19:08:07,0,0,2.2152,1,DESCENT_1,CX-ON
1012,19:08:08,0,C,4.0076,0,5,-18,-19,-20,-10,-10,-10,0,-1,-1,0,RELEASED_1,CX-ON
1012,19:08:09,0,C,S,R,2.7913,0,5,19:08:09,0,0,2.7913,1,DESCENT_1,CX-ON
1012,19:08:10,0,C,3.493,0,5,-18,-19,-20,-10,-10,-10,-1,-1,0,0,RELEASED_1,CX-ON
1012,19:08:11,0,C,S,R,2.7719,0,5,19:08:11,0,0,2.7719,1,DESCENT_1,CX-ON
1012,19:08:12,0,C,3.2108,0,5,-18,-20,-20,-9,-10,-10,-1,0,0,0,RELEASED_1,CX-ON
1012,19:08:13,0,C,S,R,2.3753,0,5,19:08:13,0,0,2.3753,1,DESCENT_1,CX-ON
1012,19:08:14,0,C,1.693,0,5,-20,-19,-18,-10,-10,-9,-1,0,-1,0,RELEASED_1,CX-ON
1012,19:08:15,0,C,S,R,3.1031,0,5,19:08:15,0,0,3.1031,1,DESCENT_1,CX-ON
1012,19:08:16,0,C,2.3839,0,5,-17,-19,-20,-10,-10,-10,-1,-1,0,0,RELEASED_1,CX-ON
1012,19:08:17,0,C,S,R,2.8129,0,5,19:08:17,0,0,2.8129,1,DESCENT_1,CX-ON
1012,19:08:18,0,C,2.3635,0,5,-20,-18,-20,-10,-10,-10,-1,-1,-1,0,RELEASED_1,CX-ON
1012,19:08:19,0,C,S,R,1.0295,0,5,19:08:19,0,0,1.0295,1,DESCENT_1,CX-ON
1012,19:08:20,0,C,1.1411,0,5,-19,-20,-20,-10,-9,-10,0,0,-1,0,RELEASED_1,CX-ON
1012,19:08:21,0,C,S,R,1.3904,0,5,19:08:21,0,0,1.3904,1,DESCENT_1,CX-ON
1012,19:08:22,0,C,3.3046,0,5,-18,-19,-19,-10,-10,-9,0,-1,-1,0,RELEASED_1,CX-ON
1012,19:08:23,0,C,S,R,1.3926,0,5,19:08:23,0,0,1.3926,1,DESCENT_1,CX-ON
1012,19:08:24,0,C,1.9192,0,5,-18,-18,-19,-9,-9,-10,-1,-1,-1,0,RELEASED_1,CX-ON
1012,19:08:25,0,C,S,R,2.2102,0,5,19:08:25,0,0,2.2102,1,DESCENT_1,CX-ON
1012,19:08:26,0,C,1.6569,0,5,-19,-18,-17,-9,-9,-10,0,0,0,0,RELEASED_1,CX-ON
1012,19:08:27,0,C,S,R,2.5379,0,5,19:08:27,0,0,2.5379,1,DESCENT_1,CX-ON
1012,19:08:28,0,C,3.014,0,5,-20,-19,-17,-10,-10,-9,0,-1,0,0,RELEASED_1,CX-ON
1012,19:08:29,0,C,S,R,2.6737,0,5,19:08:29,0,0,2.6737,1,DESCENT_1,CX-ON
1012,19:08:30,0,C,3.3227,0,5,-19,-19,-18,-10,-10,-9,0,-1,-1,0,RELEASED_1,CX-ON
1012,19:08:31,0,C,S,R,2.4588,0,5,19:08:31,0,0,2.4588,1,DESCENT_1,CX-ON
1012,19:08:32,0,C,1.448,0,5,-18,-18,-19,-10,-10,-9,-1,0,-1,0,RELEASED_1,CX-ON
1012,19:08:33,0,C,S,R,2.9025,0,5,19:08:33,0,0,2.9025,1,DESCENT_1,CX-ON
1012,19:08:34,0,C,2.8955,0,5,-17,-20,-18,-10,-9,-9,-1,-1,0,0,RELEASED_1,CX-ON
1012,19:08:35,0,C,S,R,1.6642,0,5,19:08:35,0,0,1.6642,1,DESCENT_1,CX-ON
1012,19:08:36,0,C,2.3904,0,5,-18,-19,-19,-9,-9,-10,0,-1,0,0,RELEASED_1,CX-ON
1012,19:08:37,0,C,S,R,2.0516,0,5,19:08:37,0,0,2.0516,1,DESCENT_1,CX-ON
1012,19:08:38,0,C,2.9112,0,5,-20,-18,-18,-10,-9,-9,0,-1,-1,0,RELEASED_1,CX-ON
1012,19:08:39,0,C,S,R,2.7682,0,5,19:08:39,0,0,2.7682,1,DESCENT_1,CX-ON
1012,19:08:40,0,C,2.3646,0,5,-18,-18,-17,-9,-9,-10,-1,-1,0,0,RELEASED_1,CX-ON
1012,19:08:41,0,C,S,R,1.177,0,5,19:08:41,0,0,1.177,1,DESCENT_1,CX-ON
1012,19:08:42,0,C,3.6082,0,5,-20,-19,-18,-9,-10,-10,-1,-1,-1,0,RELEASED_1,CX-ON
1012,19:08:43,0,C,S,R,3.5276,0,5,19:08:43,0,0,3.5276,1,DESCENT_1,CX-ON
1012,19:08:44,0,C,1.9447,0,5,-19,-18,-19,-10,-10,-10,-1,-1,0,0,RELEASED_1,CX-ON
1012,19:08:45,0,C,S,R,2.8256,0,5,19:08:45,0,0,2.8256,1,DESCENT_1,CX-ON
1012,19:08:46,0,C,2.5174,0,5,-18,-18,-19,-10,-10,-10,0,-1,-1,0,RELEASED_1,CX-ON
1012,19:08:47,0,C,S,R,2.9856,0,5,19:08:47,0,0,2.9856,1,DESCENT_1,CX-ON
1012,19:08:48,0,C,2.0699,0,5,-19,-19,-18,-9,-9,-9,0,0,0,0,RELEASED_1,CX-ON
1012,19:08:49,0,C,S,R,4.0728,0,5,19:08:49,0,0,4.0728,1,DESCENT_1,CX-ON
1012,19:08:50,0,C,3.8837,0,5,-20,-19,-20,-10,-10,-10,-1,-1,0,0,RELEASED_1,CX-ON
1012,19:08:51,0,C,S,R,1.0619,0,5,19:08:51,0,0,1.0619,1,DESCENT_1,CX-ON
1012,19:08:52,0,C,3.6344,0,5,-20,-17,-18,-10,-10,-10,-1,-1,-1,0,RELEASED_1,CX-ON
1012,19:08:53,0,C,S,R,2.6654,0,5,19:08:53,0,0,2.6654,1,DESCENT_1,CX-ON
1012,19:08:54,0,C,1.8717,0,5,-20,-19,-17,-9,-9,-10,-1,0,0,0,RELEASED_1,CX-ON
1012,19:08:55,0,C,S,R,1.4205,0,5,19:08:55,0,0,1.4205,1,DESCENT_1,CX-ON
1012,19:08:56,0,C,3.8014,0,5,-18,-18,-18,-10,-10,-9,-1,-1,-1,0,RELEASED_1,CX-ON
1012,19:08:57,0,C,S,R,3.1667,0,5,19:08:57,0,0,3.1667,1,DESCENT_1,CX-ON
1012,19:08:58,0,C,3.0941,0,5,-19,-18,-19,-10,-10,-10,-1,-1,0,0,RELEASED_1,CX-ON
1012,19:08:59,0,C,S,R,1.2292,0,5,19:08:59,0,0,1.2292,1,DESCENT_1,CX-ON
1012,19:09:00,0,C,2.1468,0,5,-20,-18,-19,-9,-10,-9,-1,-1,0,0,RELEASED_1,CX-ON
1012,19:09:01,0,C,S,R,3.439,0,5,19:09:01,0,0,3.439,1,DESCENT_1,CX-ON
1012,19:09:02,0,C,3.2644,0,5,-18,-19,-20,-10,-10,-9,-1,0,-1,0,RELEASED_1,CX-ON
1012,19:09:03,0,C,S,R,3.8577,0,5,19:09:03,0,0,3.8577,1,DESCENT_1,CX-ON
1012,19:09:04,0,C,3.5264,0,5,-20,-19,-18,-9,-10,-10,-1,-1,0,0,RELEASED_1,CX-ON
1012,19:09:05,0,C,S,R,4.0645,0,5,19:09:05,0,0,4.0645,1,DESCENT_1,CX-ON
1012,19:09:06,0,C,3.1713,0,5,-19,-19,-18,-9,-9,-10,-1,0,0,0,RELEASED_1,CX-ON
1012,19:09:07,0,C,S,R,2.0834,0,5,19:09:07,0,0,2.0834,1,DESCENT_1,CX-ON
1012,19:09:08,0,C,1.2826,0,5,-19,-18,-18,-10,-9,-10,0,-1,0,0,RELEASED_1,CX-ON
1012,19:09:09,0,C,S,R,1.3823,0,5,19:09:09,0,0,1.3823,1,DESCENT_1,CX-ON
1012,19:09:10,0,C,1.7155,0,5,-20,-19,-18,-9,-9,-9,0,0,-1,0,RELEASED_1,CX-ON
1012,19:09:11,0,C,S,R,3.8965,0,5,19:09:11,0,0,3.8965,1,DESCENT_1,CX-ON
1012,19:09:12,0,C,3.0489,0,5,-20,-19,-20,-9,-9,-9,-1,-1,0,0,RELEASED_1,CX-ON
1012,19:09:13,0,C,S,R,3.4627,0,5,19:09:13,0,0,3.4627,1,DESCENT_1,CX-ON
1012,19:09:14,0,C,2.0538,0,5,-19,-20,-18,-10,-9,-10,0,0,-1,0,RELEASED_1,CX-ON
1012,19:09:15,0,C,S,R,2.5995,0,5,19:09:15,0,0,2.5995,1,DESCENT_1,CX-ON
1012,19:09:16,0,C,4.1259,0,5,-18,-19,-19,-9,-10,-9,-1,0,-1,0,RELEASED_1,CX-ON
1012,19:09:17,0,C,S,R,3.4833,0,5,19:09:17,0,0,3.4833,1,DESCENT_1,CX-ON
1012,19:09:18,0,C,1.3587,0,5,-18,-19,-18,-10,-10,-9,0,-1,-1,0,RELEASED_1,CX-ON
1012,19:09:19,0,C,S,R,2.6113,0,5,19:09:19,0,0,2.6113,1,DESCENT_1,CX-ON
1012,19:09:20,0,C,3.456,0,5,-20,-20,-20,-10,-10,-10,-1,0,0,0,RELEASED_1,CX-ON
1012,19:09:21,0,C,S,R,2.2568,0,5,19:09:21,0,0,2.2568,1,DESCENT_1,CX-ON
1012,19:09:22,0,C,3.5167,0,5,-19,-19,-20,-10,-10,-10,-1,-1,0,0,RELEASED_1,CX-ON
1012,19:09:23,0,C,S,R,2.6743,0,5,19:09:23,0,0,2.6743,1,DESCENT_1,CX-ON
1012,19:09:24,0,C,3.2134,0,5,-19,-18,-17,-10,-9,-10,0,-1,0,0,RELEASED_1,CX-ON
1012,19:09:25,0,C,S,R,1.2677,0,5,19:09:25,0,0,1.2677,1,DESCENT_1,CX-ON
1012,19:09:26,0,C,2.334,0,5,-17,-20,-20,-9,-10,-10,0,0,0,0,RELEASED_1,CX-ON
1012,19:09:27,0,C,S,R,1.998,0,5,19:09:27,0,0,1.998,1,DESCENT_1,CX-ON
1012,19:09:28,0,C,1.8413,0,5,-18,-19,-18,-9,-10,-10,-1,-1,-1,0,RELEASED_1,CX-ON
1012,19:09:29,0,C,S,R,2.2634,0,5,19:09:29,0,0,2.2634,1,DESCENT_1,CX-ON
1012,19:09:30,0,C,4.0649,0,5,-19,-18,-18,-10,-10,-10,-1,0,-1,0,RELEASED_1,CX-ON
1012,19:09:31,0,C,S,R,3.1263,0,5,19:09:31,0,0,3.1263,1,DESCENT_1,CX-ON
1012,19:09:32,0,C,3.4724,0,5,-20,-19,-20,-10,-9,-9,-1,-1,-1,0,RELEASED_1,CX-ON
1012,19:09:33,0,C,S,R,3.5667,0,5,19:09:33,0,0,3.5667,1,DESCENT_1,CX-ON
1012,19:09:34,0,C,4.0646,0,5,-19,-19,-20,-10,-10,-9,0,-1,-1,0,RELEASED_1,CX-ON
1012,19:09:35,0,C,S,R,1.6975,0,5,19:09:35,0,0,1.6975,1,DESCENT_1,CX-ON
1012,19:09:36,0,C,1.1354,0,5,-19,-20,-18,-10,-10,-10,0,-1,-1,0,RELEASED_1,CX-ON
1012,19:09:37,0,C,S,R,2.9441,0,5,19:09:37,0,0,2.9441,1,DESCENT_1,CX-ON
1012,19:09:38,0,C,2.7632,0,5,-20,-19,-19,-9,-10,-10,-1,-1,-1,0,RELEASED_1,CX-ON
1012,19:09:39,0,C,S,R,2.4187,0,5,19:09:39,0,0,2.4187,1,DESCENT_1,CX-ON
1012,19:09:40,0,C,2.5597,0,5,-19,-20,-20,-10,-9,-10,-1,-1,-1,0,RELEASED_1,CX-ON
1012,19:09:41,0,C,S,R,3.749,0,5,19:09:41,0,0,3.749,1,DESCENT_1,CX-ON
1012,19:09:42,0,C,1.9799,0,5,-20,-19,-19,-9,-10,-9,0,-1,-1,0,RELEASED_1,CX-ON
1012,19:09:43,0,C,S,R,2.2721,0,5,19:09:43,0,0,2.2721,1,DESCENT_1,CX-ON
1012,19:09:44,0,C,3.5516,0,5,-18,-18,-19,-9,-9,-10,0,0,0,0,RELEASED_1,CX-ON
1012,19:09:45,0,C,S,R,1.4054,0,5,19:09:45,0,0,1.4054,1,DESCENT_1,CX-ON
1012,19:09:46,0,C,1.2363,0,5,-18,-19,-20,-10,-9,-9,-1,-1,0,0,RELEASED_1,CX-ON
1012,19:09:47,0,C,S,R,3.213,0,5,19:09:47,0,0,3.213,1,DESCENT_1,CX-ON
1012,19:09:48,0,C,3.9688,0,5,-19,-17,-18,-10,-10,-9,0,0,0,0,RELEASED_1,CX-ON
1012,19:09:49,0,C,S,R,2.6587,0,5,19:09:49,0,0,2.6587,1,DESCENT_1,CX-ON
1012,19:09:50,0,C,3.9002,0,5,-20,-19,-19,-9,-9,-9,0,-1,-1,0,RELEASED_1,CX-ON
1012,19:09:51,0,C,S,R,1.9291,0,5,19:09:51,0,0,1.9291,1,DESCENT_1,CX-ON
1012,19:09:52,0,C,4.0334,0,5,-20,-19,-19,-10,-10,-10,-1,-1,-1,0,RELEASED_1,CX-ON
1012,19:09:53,0,C,S,R,2.2289,0,5,19:09:53,0,0,2.2289,1,DESCENT_1,CX-ON
1012,19:09:54,0,C,3.6691,0,5,-18,-20,-18,-10,-10,-9,0,-1,0,0,RELEASED_1,CX-ON
1012,19:09:55,0,C,S,R,2.5389,0,5,19:09:55,0,0,2.5389,1,DESCENT_1,CX-ON
1012,19:09:56,0,C,3.9229,0,5,-20,-20,-19,-10,-10,-10,-1,-1,0,0,RELEASED_1,CX-ON
1012,19:09:57,0,C,S,R,2.0613,0,5,19:09:57,0,0,2.0613,1,DESCENT_1,CX-ON
1012,19:09:58,0,C,3.8213,0,5,-19,-19,-18,-10,-10,-9,-1,-1,0,0,RELEASED_1,CX-ON
1012,19:09:59,0,C,S,R,3.0741,0,5,19:09:59,0,0,3.0741,1,DESCENT_1,CX-ON
1012,19:0::00,0,C,3.3605,0,5,-20,-18,-19,-10,-10,-10,-1,-1,0,0,RELEASED_1,CX-ON
1012,19:0::01,0,C,S,R,1.0873,0,5,19:0::01,0,0,1.0873,1,DESCENT_1,CX-ON
1012,19:0::02,0,C,3.6991,0,5,-19,-20,-17,-10,-10,-10,0,0,-1,0,RELEASED_1,CX-ON
1012,19:0::03,0,C,S,R,1.6243,0,5,19:0::03,0,0,1.6243,1,DESCENT_1,CX-ON
1012,19:0::04,0,C,1.2053,0,5,-19,-20,-20,-9,-10,-9,-1,-1,-1,0,RELEASED_1,CX-ON
1012,19:0::05,0,C,S,R,1.3673,0,5,19:0::05,0,0,1.3673,1,DESCENT_1,CX-ON
1012,19:0::06,0,C,1.576,0,5,-19,-19,-20,-10,-9,-10,0,0,0,0,RELEASED_1,CX-ON
1012,19:0::07,0,C,S,R,2.4806,0,5,19:0::07,0,0,2.4806,1,DESCENT_1,CX-ON
1012,19:0::08,0,C,1.5964,0,5,-20,-20,-20,-10,-9,-9,-1,-1,-1,0,RELEASED_1,CX-ON
1012,19:0::09,0,C,S,R,1.1286,0,5,19:0::09,0,0,1.1286,1,DESCENT_1,CX-ON
1012,19:0::10,0,C,4.0776,0,5,-17,-18,-18,-9,-9,-10,0,-1,-1,0,RELEASED_1,CX-ON
1012,19:0::11,0,C,S,R,2.6189,0,5,19:0::11,0,0,2.6189,1,DESCENT_1,CX-ON
1012,19:0::12,0,C,3.7128,0,5,-19,-19,-20,-10,-9,-10,-1,-1,-1,0,RELEASED_1,CX-ON
1012,19:0::13,0,C,S,R,4.1855,0,5,19:0::13,0,0,4.1855,1,DESCENT_1,CX-ON
1012,19:0::14,0,C,2.8341,0,5,-18,-19,-18,-9,-10,-9,0,-1,-1,0,RELEASED_1,CX-ON
1012,19:0::15,0,C,S,R,1.1207,0,5,19:0::15,0,0,1.1207,1,DESCENT_1,CX-ON
1012,19:0::16,0,C,1.3641,0,5,-19,-18,-18,-9,-9,-9,0,0,-1,0,RELEASED_1,CX-ON
1012,19:0::17,0,C,S,R,3.1458,0,5,19:0::17,0,0,3.1458,1,DESCENT_1,CX-ON
1012,19:0::18,0,C,3.5621,0,5,-18,-18,-20,-9,-9,-9,0,0,-1,0,RELEASED_1,CX-ON
1012,19:0::19,0,C,S,R,2.0402,0,5,19:0::19,0,0,2.0402,1,DESCENT_1,CX-ON
1012,19:0::20,0,C,2.2413,0,5,-20,-19,-20,-10,-10,-9,-1,-1,-1,0,RELEASED_1,CX-ON
1012,19:0::21,0,C,S,R,1.939,0,5,19:0::21,0,0,1.939,1,DESCENT_1,CX-ON
1012,19:0::22,0,C,2.7177,0,5,-17,-19,-20,-10,-9,-9,-1,0,0,0,RELEASED_1,CX-ON
1012,19:0::23,0,C,S,R,4.1647,0,5,19:0::23,0,0,4.1647,1,DESCENT_1,CX-ON
1012,19:0::24,0,C,1.2933,0,5,-18,-20,-18,-9,-10,-10,-1,-1,0,0,RELEASED_1,CX-ON
1012,19:0::25,0,C,S,R,2.2995,0,5,19:0::25,0,0,2.2995,1,DESCENT_1,CX-ON
1012,19:0::26,0,C,3.4703,0,5,-18,-19,-19,-10,-10,-10,-1,0,-1,0,RELEASED_1,CX-ON
1012,19:0::27,0,C,S,R,3.8811,0,5,19:0::27,0,0,3.8811,1,DESCENT_1,CX-ON
1012,19:0::28,0,C,3.2541,0,5,-18,-18,-19,-9,-9,-9,0,0,-1,0,RELEASED_1,CX-ON
1012,19:0::29,0,C,S,R,3.3567,0,5,19:0::29,0,0,3.3567,1,DESCENT_1,CX-ON
1012,19:0::30,0,C,2.1862,0,5,-18,-19,-20,-10,-9,-10,-1,0,-1,0,RELEASED_1,CX-ON
1012,19:0::31,0,C,S,R,1.3207,0,5,19:0::31,0,0,1.3207,1,DESCENT_1,CX-ON
1012,19:0::32,0,C,2.5735,0,5,-19,-18,-18,-10,-9,-10,-1,0,-1,0,RELEASED_1,CX-ON
1012,19:0::33,0,C,S,R,1.2257,0,5,19:0::33,0,0,1.2257,1,DESCENT_1,CX-ON
1012,19:0::34,0,C,1.1262,0,5,-20,-18,-19,-10,-9,-9,0,0,0,0,RELEASED_1,CX-ON
1012,19:0::35,0,C,S,R,3.2256,0,5,19:0::35,0,0,3.2256,1,DESCENT_1,CX-ON
1012,19:0::36,0,C,2.6672,0,5,-19,-19,-19,-10,-10,-9,0,-1,-1,0,RELEASED_1,CX-ON
1012,19:0::37,0,C,S,R,1.7049,0,5,19:0::37,0,0,1.7049,1,DESCENT_1,CX-ON
1012,19:0::38,0,C,1.482,0,5,-20,-18,-20,-10,-9,-10,-1,-1,0,0,RELEASED_1,CX-ON
1012,19:0::39,0,C,S,R,2.879,0,5,19:0::39,0,0,2.879,1,DESCENT_1,CX-ON
1012,19:0::40,0,C,2.4007,0,5,-19,-20,-19,-9,-10,-10,-1,-1,-1,0,RELEASED_1,CX-ON
1012,19:0::41,0,C,S,R,3.4821,0,5,19:0::41,0,0,3.4821,1,DESCENT_1,CX-ON
1012,19:0::42,0,C,2.9673,0,5,-19,-18,-18,-10,-9,-9,-1,0,-1,0,RELEASED_1,CX-ON
1012,19:0::43,0,C,S,R,2.6328,0,5,19:0::43,0,0,2.6328,1,DESCENT_1,CX-ON
1012,19:0::44,0,C,2.2333,0,5,-18,-19,-18,-10,-9,-9,-1,-1,-1,0,RELEASED_1,CX-ON
1012,19:0::45,0,C,S,R,1.002,0,5,19:0::45,0,0,1.002,1,DESCENT_1,CX-ON
1012,19:0::46,0,C,3.4075,0,5,-19,-19,-19,-10,-10,-10,-1,-1,-1,0,RELEASED_1,CX-ON
1012,19:0::47,0,C,S,R,3.6677,0,5,19:0::47,0,0,3.6677,1,DESCENT_1,CX-ON
1012,19:0::48,0,C,3.8079,0,5,-20,-18,-19,-10,-10,-9,0,0,0,0,RELEASED_1,CX-ON
1012,19:0::49,0,C,S,R,3.7174,0,5,19:0::49,0,0,3.7174,1,DESCENT_1,CX-ON
